{"schemaVersion":"1.0","appDefinitionTemplate":{"id":"/providers/Microsoft.PowerApps/apps/","type":"Microsoft.PowerApps/apps","tags":{"primaryDeviceWidth":"1366","primaryDeviceHeight":"768","supportsPortrait":"true","supportsLandscape":"true","primaryFormFactor":"Tablet","showStatusBar":"false","publisherVersion":"3.24064.18","minimumRequiredApiVersion":"2.2.0","hasComponent":"false","hasUnlockedComponent":"false","isUnifiedRootApp":"false","sienaVersion":"20240703T012303Z-3.24064.18.0"},"properties":{"appVersion":"2024-07-03T01:23:03Z","lifeCycleId":"Published","createdByClientVersion":{"major":3,"minor":24064,"build":18,"revision":0,"majorRevision":0,"minorRevision":0},"minClientVersion":{"major":3,"minor":24064,"build":18,"revision":0,"majorRevision":0,"minorRevision":0},"backgroundColor":"RGBA(0,176,240,1)","backgroundImageUri":"/2751147198563861297/N7f7faf13-1fbe-4741-a601-4d622a6e074f-logoSmallFile","displayName":"TabListSample","description":"","commitMessage":"","appUris":{"documentUri":{"value":"/2751147198563861297/Nb899b834-6f94-4eec-81eb-d94bdb4b3e83-document.msapp"},"imageUris":[],"additionalUris":[{"isSolutionAware":false,"value":"/2751147198563861297/N01ab2c1a-ab91-401a-97ae-dc0c6f255246-identity.json"}]},"createdTime":"0001-01-01T00:00:00Z","lastModifiedTime":"0001-01-01T00:00:00Z","sharedGroupsCount":0,"sharedUsersCount":0,"connectionReferences":{},"databaseReferences":{},"almMode":"Environment","performanceOptimizationEnabled":true,"canConsumeAppPass":true,"enableModernRuntimeMode":false,"executionRestrictions":{"isTeamsOnly":false,"dataLossPreventionEvaluationResult":{"status":"Compliant","lastEvaluationDate":"2024-07-03T01:19:35.9917956Z","violations":[],"violationsByPolicy":[],"violationErrorMessage":"このアプリでは、次のコネクタが使用されます: 。"}}},"appType":"ClassicCanvasApp","appComponents":[]}}